Player,Nation,Pos,Squad,Comp,Age,Born,MP,Starts,Min,90s,GA,GA90,SoTA,Saves,Save%,W,D,L,CS,CS%,PKA,PKsv,PKm,PSxG,PSxG/SoT,PSxG+/-,Launch%,AvgLen,Stp,Stp%,#OPA,#OPA/90,AvgDist,Cluster
Adrián,es ESP,GK,Betis,es La Liga,37.0,1987.0,19,19,1710,19.0,27.0,1.42,76.0,49.0,65.8,10.0,5.0,4.0,3.0,15.8,1.0,0.0,0.0,26.0,0.33,-1.0,28.0,31.2,14.0,5.4,16.0,0.84,11.7,1
Julen Agirrezabala,es ESP,GK,Athletic Club,es La Liga,23.0,2000.0,14,14,1206,13.4,9.0,0.67,34.0,24.0,76.5,9.0,4.0,1.0,5.0,35.7,1.0,1.0,0.0,10.5,0.27,1.5,37.5,33.9,20.0,14.0,17.0,1.27,14.2,2
Alisson,br BRA,GK,Liverpool,eng Premier League,31.0,1992.0,28,28,2508,27.9,29.0,1.04,100.0,73.0,72.0,18.0,7.0,3.0,9.0,32.1,1.0,0.0,0.0,30.5,0.3,3.5,19.7,26.6,11.0,4.3,49.0,1.76,16.0,2
Alphonse Areola,fr FRA,GK,West Ham,eng Premier League,31.0,1993.0,26,25,2260,25.1,41.0,1.63,115.0,77.0,64.3,5.0,7.0,13.0,5.0,20.0,0.0,0.0,0.0,35.4,0.31,-2.6,34.4,32.1,15.0,3.8,30.0,1.19,15.0,1
Kepa Arrizabalaga,es ESP,GK,Bournemouth,eng Premier League,29.0,1994.0,31,31,2790,31.0,39.0,1.26,134.0,95.0,73.9,13.0,7.0,11.0,8.0,25.8,4.0,0.0,0.0,41.0,0.28,2.0,33.2,32.9,22.0,6.0,54.0,1.74,16.0,2
Noah Atubolu,de GER,GK,Freiburg,de Bundesliga,22.0,2002.0,26,26,2307,25.6,37.0,1.44,120.0,81.0,69.2,12.0,6.0,8.0,10.0,38.5,0.0,2.0,0.0,37.0,0.3,0.0,32.4,33.1,34.0,9.0,28.0,1.09,12.7,2
Augusto Batalla,ar ARG,GK,Rayo Vallecano,es La Liga,28.0,1996.0,32,32,2880,32.0,39.0,1.22,133.0,93.0,75.2,10.0,12.0,10.0,8.0,25.0,6.0,2.0,0.0,40.0,0.25,2.0,42.3,38.2,35.0,7.7,38.0,1.19,14.4,0
Oliver Baumann,de GER,GK,Hoffenheim,de Bundesliga,34.0,1990.0,28,28,2520,28.0,53.0,1.89,138.0,84.0,63.0,6.0,8.0,14.0,4.0,14.3,2.0,3.0,0.0,52.1,0.36,1.1,41.6,36.5,18.0,4.4,31.0,1.11,14.5,1
Marco Bizot,nl NED,GK,Brest,fr Ligue 1,33.0,1991.0,32,32,2880,32.0,54.0,1.69,128.0,74.0,64.1,14.0,5.0,13.0,10.0,31.3,8.0,1.0,1.0,46.2,0.31,-6.8,42.0,36.0,33.0,7.2,53.0,1.66,16.2,1
Jean Butez,fr FRA,GK,Como,it Serie A,29.0,1995.0,19,18,1666,18.5,20.0,1.08,68.0,48.0,73.5,8.0,4.0,6.0,5.0,27.8,2.0,0.0,0.0,20.1,0.27,0.1,30.2,32.0,22.0,11.6,51.0,2.76,18.2,2
Marcin Bułka,pl POL,GK,Nice,fr Ligue 1,24.0,1999.0,34,34,3060,34.0,41.0,1.21,161.0,120.0,75.8,17.0,9.0,8.0,8.0,23.5,2.0,1.0,0.0,43.0,0.26,3.0,22.8,28.6,39.0,8.3,33.0,0.97,12.8,2
Elia Caprile,it ITA,GK,Cagliari,it Serie A,22.0,2001.0,18,18,1620,18.0,22.0,1.22,66.0,44.0,68.2,5.0,4.0,9.0,5.0,27.8,1.0,0.0,0.0,23.5,0.35,1.5,44.1,36.8,18.0,6.8,23.0,1.28,15.6,0
Marco Carnesecchi,it ITA,GK,Atalanta,it Serie A,24.0,2000.0,34,34,3060,34.0,34.0,1.0,129.0,97.0,75.2,19.0,7.0,8.0,13.0,38.2,2.0,0.0,0.0,36.1,0.28,4.1,28.2,32.3,21.0,6.6,45.0,1.32,14.5,2
Lucas Chevalier,fr FRA,GK,Lille,fr Ligue 1,22.0,2001.0,34,34,3060,34.0,36.0,1.06,126.0,91.0,74.6,17.0,9.0,8.0,11.0,32.4,4.0,0.0,0.0,42.2,0.32,7.2,25.7,29.6,21.0,5.6,24.0,0.71,13.9,2
Jasper Cillessen,nl NED,GK,Las Palmas,es La Liga,35.0,1989.0,27,27,2335,25.9,42.0,1.62,128.0,85.0,70.3,6.0,8.0,13.0,3.0,11.1,4.0,3.0,1.0,44.3,0.3,4.3,39.5,34.5,13.0,3.1,20.0,0.77,14.5,0
Diego Conde,es ESP,GK,Villarreal,es La Liga,25.0,1998.0,22,22,1962,21.8,33.0,1.51,94.0,62.0,68.1,11.0,6.0,5.0,2.0,9.1,3.0,0.0,1.0,26.3,0.26,-5.7,22.7,28.2,18.0,5.6,16.0,0.73,11.9,1
Thibaut Courtois,be BEL,GK,Real Madrid,es La Liga,32.0,1992.0,30,30,2700,30.0,29.0,0.97,104.0,76.0,75.0,20.0,6.0,4.0,11.0,36.7,3.0,0.0,0.0,28.7,0.27,0.7,18.5,28.2,16.0,4.6,14.0,0.47,10.7,2
Finn Dahmen,de GER,GK,Augsburg,de Bundesliga,26.0,1998.0,19,19,1710,19.0,19.0,1.0,82.0,65.0,79.3,7.0,6.0,6.0,9.0,47.4,2.0,0.0,0.0,24.2,0.29,7.2,38.6,34.9,9.0,2.7,26.0,1.37,14.7,0
Arthur Desmas,fr FRA,GK,Le Havre,fr Ligue 1,30.0,1994.0,18,18,1620,18.0,38.0,2.11,93.0,54.0,61.3,5.0,0.0,13.0,3.0,16.7,2.0,1.0,0.0,38.7,0.4,0.7,28.5,30.9,12.0,4.3,7.0,0.39,11.9,1
Michele Di Gregorio,it ITA,GK,Juventus,it Serie A,27.0,1997.0,33,33,2970,33.0,32.0,0.97,103.0,71.0,73.8,16.0,13.0,4.0,14.0,42.4,5.0,0.0,0.0,28.1,0.24,-3.9,30.0,31.4,29.0,6.2,30.0,0.91,13.1,2
Yehvann Diouf,sn SEN,GK,Reims,fr Ligue 1,24.0,1999.0,34,34,3060,34.0,47.0,1.38,179.0,131.0,76.0,8.0,9.0,17.0,7.0,20.6,4.0,1.0,0.0,61.6,0.33,14.6,34.4,33.3,31.0,5.6,42.0,1.24,14.6,0
Marko Dmitrović,rs SRB,GK,Leganés,es La Liga,32.0,1992.0,32,32,2880,32.0,49.0,1.53,150.0,103.0,72.0,8.0,11.0,13.0,10.0,31.3,7.0,0.0,1.0,50.2,0.3,3.2,65.3,47.2,49.0,8.5,53.0,1.66,14.5,0
Gianluigi Donnarumma,it ITA,GK,Paris S-G,fr Ligue 1,25.0,1999.0,24,24,2091,23.2,25.0,1.08,74.0,49.0,67.6,18.0,5.0,1.0,4.0,16.7,1.0,0.0,0.0,21.7,0.29,-3.3,13.6,25.1,10.0,5.0,19.0,0.82,14.4,1
Patrick Drewes,de GER,GK,Bochum,de Bundesliga,31.0,1993.0,21,21,1890,21.0,46.0,2.19,99.0,51.0,56.6,2.0,5.0,14.0,2.0,9.5,3.0,2.0,0.0,42.3,0.38,-3.7,50.1,37.6,12.0,4.2,33.0,1.57,15.8,1
Martin Dúbravka,sk SVK,GK,Newcastle Utd,eng Premier League,35.0,1989.0,10,10,900,10.0,12.0,1.2,41.0,29.0,70.7,7.0,0.0,3.0,5.0,50.0,0.0,0.0,0.0,12.9,0.32,0.9,15.8,25.2,10.0,7.9,11.0,1.1,15.3,2
Ederson,br BRA,GK,Manchester City,eng Premier League,30.0,1993.0,26,26,2320,25.8,26.0,1.01,78.0,53.0,69.2,16.0,4.0,6.0,10.0,38.5,2.0,0.0,0.0,30.0,0.37,5.0,17.4,27.9,13.0,5.8,49.0,1.9,17.5,2
Łukasz Fabiański,pl POL,GK,West Ham,eng Premier League,39.0,1985.0,14,13,1160,12.9,21.0,1.63,71.0,50.0,74.6,6.0,3.0,4.0,2.0,15.4,3.0,0.0,0.0,22.6,0.29,1.6,41.9,35.5,10.0,4.5,12.0,0.93,13.1,0
Wladimiro Falcone,it ITA,GK,Lecce,it Serie A,29.0,1995.0,38,38,3420,38.0,58.0,1.53,181.0,125.0,72.4,8.0,10.0,20.0,9.0,23.7,8.0,1.0,1.0,53.8,0.26,-1.2,51.9,39.1,29.0,4.9,19.0,0.5,11.0,0
Mark Flekken,nl NED,GK,Brentford,eng Premier League,31.0,1993.0,37,37,3275,36.4,55.0,1.51,203.0,150.0,73.4,16.0,8.0,13.0,7.0,18.9,1.0,0.0,0.0,52.7,0.26,-0.3,33.7,34.4,46.0,7.9,34.0,0.93,11.5,1
Yahia Fofana,ci CIV,GK,Angers,fr Ligue 1,23.0,2000.0,33,33,2970,33.0,51.0,1.55,186.0,135.0,74.2,10.0,6.0,17.0,7.0,21.2,3.0,0.0,1.0,63.5,0.34,12.5,38.6,35.8,48.0,9.0,20.0,0.61,10.7,0
Joan García,es ESP,GK,Espanyol,es La Liga,23.0,2001.0,38,38,3420,38.0,51.0,1.34,192.0,140.0,75.5,11.0,9.0,18.0,8.0,21.1,4.0,2.0,0.0,57.7,0.28,7.7,37.6,34.8,64.0,9.6,35.0,0.92,12.0,0
Paulo Gazzaniga,ar ARG,GK,Girona,es La Liga,32.0,1992.0,36,36,3195,35.5,51.0,1.44,143.0,90.0,65.7,11.0,8.0,17.0,8.0,22.2,2.0,3.0,0.0,45.4,0.29,-4.6,21.6,29.4,36.0,8.6,33.0,0.93,12.6,1
David de Gea,es ESP,GK,Fiorentina,it Serie A,33.0,1990.0,34,34,3060,34.0,38.0,1.12,133.0,94.0,72.2,18.0,5.0,11.0,10.0,29.4,1.0,2.0,0.0,37.0,0.26,0.0,40.1,35.8,13.0,2.7,28.0,0.8,14.5,0
Mathieu Gorgelin,fr FRA,GK,Le Havre,fr Ligue 1,33.0,1990.0,16,16,1440,16.0,33.0,2.06,82.0,50.0,63.4,5.0,4.0,7.0,1.0,6.3,3.0,0.0,0.0,34.2,0.4,2.2,32.9,32.4,21.0,7.8,8.0,0.5,10.5,1
Kamil Grabara,pl POL,GK,Wolfsburg,de Bundesliga,25.0,1999.0,29,29,2585,28.7,49.0,1.71,137.0,88.0,65.7,9.0,7.0,13.0,5.0,17.2,2.0,1.0,0.0,49.7,0.35,1.7,41.7,36.7,15.0,3.6,19.0,0.66,12.2,1
Dominik Greif,sk SVK,GK,Mallorca,es La Liga,27.0,1997.0,31,31,2790,31.0,34.0,1.1,116.0,83.0,72.4,11.0,8.0,12.0,7.0,22.6,2.0,0.0,0.0,33.9,0.28,0.9,41.9,36.4,15.0,2.9,21.0,0.68,12.9,0
Vicente Guaita,es ESP,GK,Celta Vigo,es La Liga,37.0,1987.0,34,34,3060,34.0,48.0,1.41,127.0,79.0,64.6,14.0,7.0,13.0,8.0,23.5,3.0,0.0,0.0,40.6,0.3,-7.4,18.4,27.3,26.0,6.0,44.0,1.29,14.0,1
Péter Gulácsi,hu HUN,GK,RB Leipzig,de Bundesliga,34.0,1990.0,30,30,2631,29.2,39.0,1.33,137.0,97.0,73.0,12.0,11.0,7.0,14.0,46.7,2.0,1.0,0.0,42.6,0.3,3.6,20.3,28.6,23.0,5.3,34.0,1.16,14.8,2
Dean Henderson,eng ENG,GK,Crystal Palace,eng Premier League,27.0,1997.0,38,38,3420,38.0,51.0,1.34,150.0,101.0,66.7,13.0,14.0,11.0,11.0,28.9,1.0,1.0,0.0,51.2,0.35,3.2,47.5,38.5,30.0,5.4,40.0,1.05,14.3,0
Mads Hermansen,dk DEN,GK,Leicester City,eng Premier League,24.0,2000.0,27,27,2385,26.5,58.0,2.19,155.0,99.0,64.5,3.0,6.0,18.0,1.0,3.7,3.0,1.0,0.0,56.4,0.35,1.4,39.2,34.6,26.0,6.2,26.0,0.98,13.1,1
Sergio Herrera,es ESP,GK,Osasuna,es La Liga,31.0,1993.0,37,37,3330,37.0,52.0,1.41,182.0,131.0,75.3,12.0,15.0,10.0,8.0,21.6,7.0,0.0,0.0,56.2,0.28,5.2,43.2,37.6,32.0,6.1,85.0,2.3,19.7,0
Dinko Horkaš,hr CRO,GK,Las Palmas,es La Liga,25.0,1999.0,13,11,1085,12.1,19.0,1.58,54.0,35.0,66.7,2.0,0.0,9.0,1.0,9.1,1.0,1.0,0.0,19.4,0.34,1.4,31.8,32.5,9.0,6.1,16.0,1.33,15.6,1
Timo Horn,de GER,GK,Bochum,de Bundesliga,31.0,1993.0,13,13,1170,13.0,22.0,1.69,54.0,32.0,59.3,3.0,3.0,7.0,3.0,23.1,0.0,0.0,1.0,18.5,0.35,-3.5,60.8,43.6,6.0,3.3,18.0,1.38,14.8,0
Lukáš Hrádecký,fi FIN,GK,Leverkusen,de Bundesliga,34.0,1989.0,29,29,2610,29.0,38.0,1.31,118.0,83.0,71.2,16.0,11.0,2.0,6.0,20.7,4.0,0.0,0.0,35.8,0.28,0.8,30.9,31.5,12.0,4.1,39.0,1.34,17.3,2
Karl Jakob Hein,ee EST,GK,Valladolid,es La Liga,22.0,2002.0,31,31,2790,31.0,68.0,2.19,163.0,96.0,60.7,4.0,4.0,23.0,5.0,16.1,4.0,0.0,0.0,58.8,0.35,-8.2,32.6,33.9,34.0,7.2,34.0,1.1,14.0,1
Luiz Lúcio Reis Júnior,br BRA,GK,Villarreal,es La Liga,23.0,2001.0,17,16,1458,16.2,18.0,1.11,66.0,48.0,78.8,9.0,4.0,3.0,5.0,31.3,4.0,0.0,0.0,18.1,0.23,0.1,31.9,31.6,16.0,6.3,20.0,1.23,12.2,2
Caoimhín Kelleher,ie IRL,GK,Liverpool,eng Premier League,25.0,1998.0,10,10,900,10.0,12.0,1.2,37.0,24.0,67.6,7.0,2.0,1.0,4.0,40.0,0.0,1.0,0.0,11.6,0.3,-0.4,28.6,29.0,6.0,5.3,9.0,0.9,14.0,2
Gregor Kobel,ch SUI,GK,Dortmund,de Bundesliga,26.0,1997.0,32,32,2880,32.0,47.0,1.47,129.0,82.0,66.7,16.0,6.0,10.0,7.0,21.9,4.0,0.0,0.0,47.4,0.35,1.4,23.7,28.6,22.0,5.2,47.0,1.47,15.7,2
Philipp Köhn,ch SUI,GK,Monaco,fr Ligue 1,26.0,1998.0,19,19,1710,19.0,19.0,1.0,63.0,44.0,71.4,11.0,5.0,3.0,8.0,42.1,1.0,0.0,0.0,17.2,0.26,-1.8,25.7,29.9,16.0,7.1,20.0,1.05,14.8,2
Nediljko Labrović,hr CRO,GK,Augsburg,de Bundesliga,24.0,1999.0,15,15,1350,15.0,32.0,2.13,74.0,42.0,60.8,4.0,4.0,7.0,2.0,13.3,3.0,0.0,0.0,25.9,0.32,-6.1,38.8,35.2,12.0,5.5,18.0,1.2,13.3,1
Alban Lafont,fr FRA,GK,Nantes,fr Ligue 1,25.0,1999.0,12,12,1080,12.0,19.0,1.58,49.0,32.0,67.3,2.0,4.0,6.0,2.0,16.7,3.0,0.0,0.0,16.8,0.3,-0.2,34.0,34.9,16.0,8.0,6.0,0.5,10.6,1
Gautier Larsonneur,fr FRA,GK,Saint-Étienne,fr Ligue 1,27.0,1997.0,34,34,3060,34.0,77.0,2.26,209.0,132.0,69.4,8.0,6.0,20.0,5.0,14.7,13.0,2.0,0.0,73.5,0.3,-1.5,38.8,34.7,24.0,4.7,33.0,1.0,14.0,1
Nicola Leali,it ITA,GK,Genoa,it Serie A,31.0,1993.0,29,29,2610,29.0,31.0,1.07,111.0,82.0,74.8,8.0,10.0,11.0,10.0,34.5,3.0,1.0,0.0,34.3,0.29,6.3,39.3,33.9,21.0,5.4,14.0,0.48,11.2,0
Benjamin Lecomte,fr FRA,GK,Montpellier,fr Ligue 1,33.0,1991.0,30,30,2700,30.0,68.0,2.27,173.0,107.0,64.2,3.0,4.0,23.0,1.0,3.3,6.0,1.0,0.0,57.3,0.31,-5.7,42.5,36.2,20.0,4.9,26.0,0.9,14.3,1
Bernd Leno,de GER,GK,Fulham,eng Premier League,32.0,1992.0,38,38,3420,38.0,54.0,1.42,159.0,106.0,67.9,15.0,9.0,14.0,5.0,13.2,3.0,1.0,0.0,48.9,0.29,-3.1,22.7,28.9,23.0,4.5,33.0,0.87,13.3,1
Donovan Léon,gf GUF,GK,Auxerre,fr Ligue 1,31.0,1992.0,32,32,2880,32.0,48.0,1.5,164.0,118.0,73.8,11.0,8.0,13.0,9.0,28.1,5.0,1.0,0.0,55.8,0.32,10.8,53.0,42.0,28.0,5.4,39.0,1.22,14.6,0
Anthony Lopes,pt POR,GK,Nantes,fr Ligue 1,33.0,1990.0,18,18,1563,17.4,26.0,1.5,71.0,46.0,69.0,5.0,6.0,7.0,3.0,16.7,4.0,0.0,1.0,25.6,0.32,0.6,40.4,35.8,16.0,5.2,8.0,0.46,11.0,1
Mike Maignan,fr FRA,GK,Milan,it Serie A,29.0,1995.0,37,37,3294,36.6,41.0,1.12,136.0,97.0,70.6,17.0,9.0,11.0,12.0,32.4,1.0,1.0,0.0,36.8,0.26,-1.2,17.4,27.8,26.0,5.8,68.0,1.86,18.7,2
Radosław Majecki,pl POL,GK,Monaco,fr Ligue 1,24.0,1999.0,15,15,1350,15.0,22.0,1.47,65.0,43.0,69.2,7.0,2.0,6.0,3.0,20.0,2.0,0.0,0.0,21.1,0.31,-0.9,26.6,30.5,14.0,9.1,18.0,1.2,14.0,1
Giorgi Mamardashvili,ge GEO,GK,Valencia,es La Liga,23.0,2000.0,34,34,3060,34.0,48.0,1.41,136.0,89.0,68.4,11.0,11.0,12.0,8.0,23.5,5.0,2.0,0.0,46.1,0.3,1.1,36.0,34.5,33.0,7.0,38.0,1.12,14.3,1
Steve Mandanda,fr FRA,GK,Rennes,fr Ligue 1,39.0,1985.0,18,17,1486,16.5,23.0,1.39,51.0,29.0,58.8,6.0,2.0,9.0,6.0,35.3,2.0,1.0,0.0,17.0,0.29,-4.0,33.6,32.7,7.0,4.0,21.0,1.27,15.7,1
Emiliano Martínez,ar ARG,GK,Aston Villa,eng Premier League,31.0,1992.0,37,37,3194,35.5,45.0,1.27,142.0,96.0,69.0,18.0,9.0,10.0,8.0,21.6,1.0,1.0,0.0,45.8,0.32,0.8,26.3,30.4,56.0,11.2,35.0,0.99,13.7,2
Alex Meret,it ITA,GK,Napoli,it Serie A,27.0,1997.0,34,34,3005,33.4,25.0,0.75,84.0,59.0,71.4,21.0,9.0,4.0,16.0,47.1,1.0,2.0,1.0,25.3,0.27,2.3,15.4,27.7,21.0,5.6,47.0,1.41,16.5,2
Vanja Milinković-Savić,rs SRB,GK,Torino,it Serie A,27.0,1997.0,37,37,3330,37.0,42.0,1.14,173.0,129.0,77.5,10.0,14.0,13.0,10.0,27.0,3.0,4.0,0.0,51.4,0.27,11.4,40.0,37.6,37.0,6.3,46.0,1.24,13.7,0
Lorenzo Montipò,it ITA,GK,Hellas Verona,it Serie A,28.0,1996.0,36,36,3240,36.0,64.0,1.78,161.0,97.0,61.5,9.0,7.0,20.0,8.0,22.2,2.0,1.0,1.0,50.8,0.31,-12.2,59.9,43.6,30.0,6.0,23.0,0.64,11.6,1
Kevin Müller,de GER,GK,Heidenheim,de Bundesliga,33.0,1991.0,33,33,2939,32.7,64.0,1.96,169.0,105.0,65.7,7.0,5.0,21.0,7.0,21.2,6.0,0.0,0.0,59.3,0.33,-4.7,31.4,33.8,21.0,4.6,20.0,0.61,12.0,1
Arijanet Muric,xk KVX,GK,Ipswich Town,eng Premier League,25.0,1998.0,18,18,1620,18.0,33.0,1.83,100.0,67.0,70.0,2.0,6.0,10.0,1.0,5.6,3.0,0.0,0.0,31.4,0.29,-1.6,29.6,30.3,39.0,15.7,20.0,1.11,12.2,1
Manuel Neuer,de GER,GK,Bayern Munich,de Bundesliga,38.0,1986.0,22,22,1980,22.0,15.0,0.68,45.0,30.0,68.9,18.0,4.0,0.0,13.0,59.1,1.0,0.0,1.0,15.0,0.33,0.0,20.0,27.7,6.0,3.7,40.0,1.82,19.6,2
Moritz Nicolas,de GER,GK,Gladbach,de Bundesliga,26.0,1997.0,19,19,1639,18.2,25.0,1.37,92.0,69.0,78.3,9.0,4.0,6.0,4.0,21.1,5.0,0.0,0.0,29.9,0.29,6.9,23.3,28.2,18.0,5.6,14.0,0.77,12.0,2
Alexander Nübel,de GER,GK,Stuttgart,de Bundesliga,27.0,1996.0,34,34,3060,34.0,53.0,1.56,136.0,83.0,62.5,14.0,8.0,12.0,7.0,20.6,2.0,1.0,0.0,44.8,0.32,-7.2,30.1,30.7,21.0,5.1,57.0,1.68,17.6,1
Ørjan Nyland,no NOR,GK,Sevilla,es La Liga,33.0,1990.0,30,30,2673,29.7,39.0,1.31,112.0,73.0,67.9,8.0,10.0,12.0,7.0,23.3,3.0,1.0,0.0,37.1,0.31,-0.9,42.1,37.2,20.0,4.9,29.0,0.98,13.8,1
Jan Oblak,si SVN,GK,Atlético Madrid,es La Liga,31.0,1993.0,36,36,3240,36.0,30.0,0.83,114.0,86.0,78.1,20.0,10.0,6.0,15.0,41.7,5.0,0.0,0.0,25.6,0.19,-2.4,24.3,30.2,28.0,5.7,28.0,0.78,14.0,2
Maduka Okoye,ng NGA,GK,Udinese,it Serie A,24.0,1999.0,25,25,2250,25.0,40.0,1.6,110.0,73.0,67.3,6.0,4.0,15.0,4.0,16.0,4.0,0.0,1.0,37.0,0.32,0.0,29.9,30.2,14.0,4.4,23.0,0.92,14.1,1
Jonas Omlin,ch SUI,GK,Gladbach,de Bundesliga,30.0,1994.0,12,11,978,10.9,26.0,2.39,72.0,45.0,66.7,2.0,1.0,8.0,1.0,9.1,2.0,1.0,0.0,23.8,0.31,-2.2,34.9,32.7,3.0,1.8,13.0,1.2,15.1,1
André Onana,cm CMR,GK,Manchester Utd,eng Premier League,28.0,1996.0,34,34,3060,34.0,44.0,1.29,132.0,88.0,68.9,10.0,9.0,15.0,9.0,26.5,3.0,1.0,0.0,44.0,0.31,1.0,29.7,30.3,22.0,5.5,23.0,0.68,11.8,1
Stefan Ortega,de GER,GK,Manchester City,eng Premier League,31.0,1992.0,13,12,1100,12.2,18.0,1.47,50.0,33.0,68.0,5.0,4.0,3.0,3.0,25.0,2.0,0.0,0.0,16.3,0.31,-0.7,21.5,26.7,6.0,4.5,12.0,0.98,14.3,2
Alex Palmer,eng ENG,GK,Ipswich Town,eng Premier League,27.0,1996.0,13,13,1170,13.0,30.0,2.31,71.0,43.0,59.2,1.0,3.0,9.0,0.0,0.0,1.0,0.0,0.0,25.1,0.35,-2.9,36.8,33.9,20.0,8.0,13.0,1.0,11.5,1
Iñaki Peña,es ESP,GK,Barcelona,es La Liga,25.0,1999.0,16,15,1396,15.5,18.0,1.16,53.0,35.0,69.8,7.0,3.0,5.0,4.0,26.7,2.0,0.0,0.0,16.7,0.29,-1.3,10.8,24.7,3.0,2.1,89.0,5.74,23.5,2
Lucas Perri,br BRA,GK,Lyon,fr Ligue 1,26.0,1997.0,33,33,2970,33.0,44.0,1.33,160.0,116.0,74.4,17.0,6.0,10.0,10.0,30.3,3.0,0.0,0.0,47.8,0.29,3.8,28.1,30.5,26.0,6.3,29.0,0.88,13.5,2
Đorđe Petrović,rs SRB,GK,Strasbourg,fr Ligue 1,24.0,1999.0,31,31,2790,31.0,38.0,1.23,147.0,110.0,78.9,15.0,8.0,8.0,10.0,32.3,7.0,1.0,0.0,45.9,0.27,9.9,20.9,27.4,41.0,8.4,47.0,1.52,15.2,2
Jordan Pickford,eng ENG,GK,Everton,eng Premier League,30.0,1994.0,38,38,3420,38.0,44.0,1.16,163.0,117.0,73.0,11.0,15.0,12.0,12.0,31.6,0.0,2.0,0.0,48.8,0.3,4.8,48.8,39.7,31.0,5.6,57.0,1.5,15.2,0
Nick Pope,eng ENG,GK,Newcastle Utd,eng Premier League,32.0,1992.0,28,28,2520,28.0,35.0,1.25,120.0,86.0,71.7,13.0,6.0,9.0,8.0,28.6,1.0,1.0,0.0,34.8,0.28,1.8,25.7,30.7,39.0,10.9,64.0,2.29,16.0,2
Ivan Provedel,it ITA,GK,Lazio,it Serie A,30.0,1994.0,29,29,2610,29.0,42.0,1.45,92.0,52.0,58.7,15.0,6.0,8.0,5.0,17.2,4.0,0.0,0.0,31.5,0.32,-8.5,30.8,33.3,29.0,7.9,32.0,1.1,14.5,1
Ionuț Radu,ro ROU,GK,Venezia,it Serie A,27.0,1997.0,15,15,1350,15.0,18.0,1.2,65.0,47.0,76.9,2.0,7.0,6.0,4.0,26.7,3.0,0.0,0.0,19.2,0.26,1.2,47.7,40.2,13.0,6.0,3.0,0.2,9.1,0
Aaron Ramsdale,eng ENG,GK,Southampton,eng Premier League,26.0,1998.0,30,30,2700,30.0,66.0,2.2,188.0,120.0,67.6,2.0,5.0,23.0,3.0,10.0,5.0,2.0,0.0,63.5,0.32,-2.5,44.6,36.0,25.0,5.5,20.0,0.67,11.7,1
Federico Ravaglia,it ITA,GK,Bologna,it Serie A,24.0,1999.0,12,11,1056,11.7,14.0,1.19,24.0,10.0,45.8,5.0,2.0,4.0,4.0,36.4,1.0,0.0,0.0,11.7,0.46,-2.3,27.5,30.8,11.0,11.3,9.0,0.77,12.9,1
David Raya,es ESP,GK,Arsenal,eng Premier League,28.0,1995.0,38,38,3420,38.0,34.0,0.89,120.0,86.0,74.2,20.0,14.0,4.0,13.0,34.2,3.0,0.0,0.0,35.1,0.28,1.1,29.9,29.9,53.0,13.2,66.0,1.74,17.2,2
Pepe Reina,es ESP,GK,Como,it Serie A,41.0,1982.0,12,12,1034,11.5,14.0,1.22,41.0,27.0,68.3,3.0,4.0,5.0,2.0,16.7,1.0,0.0,0.0,12.1,0.28,-1.9,32.4,31.9,2.0,1.4,6.0,0.52,12.5,1
Álex Remiro,es ESP,GK,Real Sociedad,es La Liga,29.0,1995.0,36,36,3240,36.0,43.0,1.19,130.0,86.0,70.8,13.0,7.0,16.0,13.0,36.1,5.0,1.0,0.0,38.0,0.26,-5.0,31.4,32.6,29.0,6.5,40.0,1.11,14.4,2
Guillaume Restes,fr FRA,GK,Toulouse,fr Ligue 1,19.0,2005.0,29,29,2543,28.3,36.0,1.27,92.0,58.0,62.0,9.0,7.0,13.0,8.0,27.6,1.0,1.0,0.0,27.9,0.29,-5.1,30.8,30.3,5.0,1.4,34.0,1.2,16.9,1
Gerónimo Rulli,ar ARG,GK,Marseille,fr Ligue 1,32.0,1992.0,34,34,3060,34.0,47.0,1.38,135.0,87.0,67.4,20.0,5.0,9.0,5.0,14.7,3.0,3.0,0.0,47.5,0.33,2.5,15.0,24.4,28.0,9.1,59.0,1.74,18.3,2
Mathew Ryan,au AUS,GK,Lens,fr Ligue 1,32.0,1992.0,14,14,1260,14.0,17.0,1.21,62.0,44.0,75.8,8.0,1.0,5.0,6.0,42.9,2.0,1.0,0.0,19.5,0.28,2.5,31.3,32.3,20.0,11.4,10.0,0.71,11.6,2
Frederik Rønnow,dk DEN,GK,Union Berlin,de Bundesliga,31.0,1992.0,28,28,2520,28.0,37.0,1.32,111.0,71.0,67.6,8.0,11.0,9.0,8.0,28.6,1.0,4.0,0.0,39.3,0.32,3.3,36.6,34.3,40.0,8.3,35.0,1.25,13.4,0
José Sá,pt POR,GK,Wolves,eng Premier League,31.0,1993.0,29,29,2609,29.0,48.0,1.66,117.0,69.0,63.2,11.0,5.0,13.0,7.0,24.1,5.0,2.0,0.0,42.8,0.33,-3.2,39.3,35.2,32.0,7.4,43.0,1.48,15.5,1
Brice Samba,fr FRA,GK,Rennes,fr Ligue 1,30.0,1994.0,17,17,1529,17.0,27.0,1.59,87.0,58.0,70.1,7.0,0.0,10.0,5.0,29.4,1.0,2.0,0.0,29.2,0.32,2.2,24.4,29.7,16.0,7.1,15.0,0.88,13.2,2
Brice Samba,fr FRA,GK,Lens,fr Ligue 1,30.0,1994.0,15,15,1350,15.0,14.0,0.93,54.0,40.0,81.5,6.0,6.0,3.0,7.0,46.7,4.0,0.0,0.0,17.5,0.26,3.5,29.7,30.5,17.0,11.2,22.0,1.47,16.1,2
Robert Sánchez,es ESP,GK,Chelsea,eng Premier League,26.0,1997.0,32,32,2880,32.0,34.0,1.06,127.0,92.0,76.4,17.0,9.0,6.0,10.0,31.3,4.0,1.0,0.0,35.7,0.25,1.7,33.3,33.4,47.0,12.7,57.0,1.78,14.5,2
Razvan Sava,ro ROU,GK,Udinese,it Serie A,22.0,2002.0,12,12,1080,12.0,16.0,1.33,51.0,37.0,74.5,5.0,4.0,3.0,4.0,33.3,3.0,0.0,0.0,14.5,0.24,0.5,33.2,32.2,4.0,2.0,13.0,1.08,14.8,2
Simone Scuffet,it ITA,GK,Cagliari,it Serie A,28.0,1996.0,13,13,1170,13.0,23.0,1.77,56.0,33.0,67.9,3.0,3.0,7.0,1.0,7.7,5.0,0.0,0.0,20.4,0.28,-2.6,42.0,35.5,6.0,3.2,7.0,0.54,11.8,1
Matz Sels,be BEL,GK,Nott'ham Forest,eng Premier League,32.0,1992.0,38,38,3420,38.0,46.0,1.21,165.0,119.0,73.9,19.0,8.0,11.0,13.0,34.2,3.0,0.0,0.0,49.1,0.29,3.1,68.4,44.7,19.0,2.7,12.0,0.32,8.7,0
Rui Silva,pt POR,GK,Betis,es La Liga,30.0,1994.0,15,15,1350,15.0,18.0,1.2,54.0,37.0,72.2,5.0,5.0,5.0,4.0,26.7,3.0,0.0,0.0,18.4,0.3,1.4,26.0,30.8,10.0,5.2,31.0,2.07,18.9,2
Unai Simón,es ESP,GK,Athletic Club,es La Liga,27.0,1997.0,21,21,1890,21.0,14.0,0.67,62.0,47.0,79.0,10.0,8.0,3.0,10.0,47.6,1.0,1.0,0.0,16.3,0.24,2.3,36.2,34.4,19.0,7.6,28.0,1.33,15.5,2
Antonio Sivera,es ESP,GK,Alavés,es La Liga,27.0,1996.0,32,32,2810,31.2,39.0,1.25,112.0,75.0,73.2,9.0,10.0,13.0,8.0,25.0,9.0,0.0,0.0,39.0,0.28,2.0,71.8,47.7,30.0,6.6,29.0,0.93,12.7,0
Łukasz Skorupski,pl POL,GK,Bologna,it Serie A,33.0,1991.0,27,27,2364,26.3,33.0,1.26,82.0,50.0,61.0,11.0,12.0,4.0,8.0,29.6,1.0,1.0,0.0,28.7,0.34,-2.3,27.9,31.6,18.0,8.4,23.0,0.88,13.0,1
Yann Sommer,ch SUI,GK,Inter,it Serie A,35.0,1988.0,32,32,2880,32.0,29.0,0.91,110.0,81.0,76.4,20.0,8.0,4.0,13.0,40.6,3.0,1.0,0.0,31.7,0.24,0.7,16.9,26.6,14.0,3.9,14.0,0.42,13.2,2
David Soria,es ESP,GK,Getafe,es La Liga,31.0,1993.0,38,38,3420,38.0,39.0,1.03,126.0,86.0,75.4,11.0,9.0,18.0,9.0,23.7,8.0,1.0,0.0,42.0,0.29,3.0,72.6,48.8,25.0,5.2,39.0,1.03,14.7,0
Filip Stankovic,rs SRB,GK,Venezia,it Serie A,22.0,2002.0,16,16,1367,15.2,23.0,1.51,83.0,60.0,77.1,2.0,6.0,8.0,0.0,0.0,4.0,1.0,0.0,25.2,0.26,3.2,29.4,31.6,12.0,4.8,13.0,0.86,10.8,1
Jakub Stolarczyk,pl POL,GK,Leicester City,eng Premier League,23.0,2000.0,10,10,900,10.0,16.0,1.6,44.0,28.0,63.6,3.0,1.0,6.0,2.0,20.0,0.0,0.0,0.0,15.4,0.35,-0.6,46.3,34.2,10.0,5.9,8.0,0.8,12.5,1
Zion Suzuki,jp JPN,GK,Parma,it Serie A,21.0,2002.0,37,37,3314,36.8,53.0,1.47,150.0,99.0,68.0,7.0,15.0,15.0,7.0,19.4,5.0,0.0,0.0,51.4,0.32,0.4,41.4,37.5,64.0,10.4,38.0,1.03,12.1,1
Mile Svilar,rs SRB,GK,Roma,it Serie A,24.0,1999.0,38,38,3420,38.0,35.0,0.92,151.0,117.0,79.5,20.0,9.0,9.0,16.0,42.1,4.0,0.0,0.0,42.5,0.26,8.5,23.8,30.6,30.0,6.1,33.0,0.87,13.7,2
Wojciech Szczęsny,pl POL,GK,Barcelona,es La Liga,34.0,1990.0,15,15,1350,15.0,12.0,0.8,33.0,21.0,66.7,14.0,1.0,0.0,8.0,53.3,1.0,0.0,0.0,12.0,0.35,0.0,12.3,25.1,7.0,5.4,56.0,3.73,20.2,2
Kevin Trapp,de GER,GK,Eint Frankfurt,de Bundesliga,34.0,1990.0,26,26,2295,25.5,34.0,1.33,117.0,82.0,70.9,12.0,8.0,6.0,6.0,23.1,0.0,2.0,0.0,34.9,0.3,1.9,31.7,29.9,24.0,6.1,28.0,1.1,13.6,2
Stefano Turati,it ITA,GK,Monza,it Serie A,22.0,2001.0,30,30,2676,29.7,52.0,1.75,145.0,93.0,65.5,2.0,7.0,21.0,2.0,6.7,2.0,2.0,0.0,47.4,0.31,-2.6,38.3,33.7,22.0,5.3,26.0,0.87,13.3,1
Nikola Vasilj,ba BIH,GK,St. Pauli,de Bundesliga,28.0,1995.0,33,33,2969,33.0,39.0,1.18,135.0,93.0,71.9,8.0,7.0,18.0,9.0,27.3,1.0,4.0,0.0,47.4,0.32,9.4,34.2,32.7,24.0,5.8,27.0,0.82,12.8,0
Devis Vásquez,co COL,GK,Empoli,it Serie A,26.0,1998.0,32,32,2880,32.0,45.0,1.41,125.0,79.0,64.8,6.0,12.0,14.0,6.0,18.8,1.0,1.0,1.0,40.2,0.31,-4.8,48.5,39.0,36.0,7.3,15.0,0.47,10.9,1
Bart Verbruggen,nl NED,GK,Brighton,eng Premier League,21.0,2002.0,36,36,3240,36.0,58.0,1.61,143.0,87.0,65.7,14.0,13.0,9.0,7.0,19.4,9.0,0.0,0.0,51.0,0.31,-5.0,26.9,29.7,27.0,6.5,47.0,1.31,13.9,1
Guglielmo Vicario,it ITA,GK,Tottenham,eng Premier League,27.0,1996.0,24,24,2160,24.0,37.0,1.54,102.0,67.0,64.7,9.0,3.0,12.0,4.0,16.7,1.0,0.0,0.0,37.4,0.36,2.4,10.5,22.8,30.0,9.6,31.0,1.29,13.3,2
Timon Weiner,de GER,GK,Holstein Kiel,de Bundesliga,25.0,1999.0,25,25,2250,25.0,61.0,2.44,140.0,81.0,59.3,4.0,5.0,16.0,2.0,8.0,4.0,0.0,0.0,47.2,0.32,-11.8,40.2,34.5,27.0,5.5,18.0,0.72,11.1,1
Robin Zentner,de GER,GK,Mainz 05,de Bundesliga,29.0,1994.0,32,32,2880,32.0,41.0,1.28,142.0,100.0,73.9,13.0,9.0,10.0,9.0,28.1,4.0,1.0,0.0,45.0,0.29,4.0,46.2,38.7,45.0,8.6,58.0,1.81,14.0,0
Michael Zetterer,de GER,GK,Werder Bremen,de Bundesliga,29.0,1995.0,34,34,3060,34.0,57.0,1.68,156.0,102.0,65.4,14.0,9.0,11.0,10.0,29.4,3.0,0.0,0.0,52.9,0.33,-1.1,27.7,31.9,35.0,7.5,34.0,1.0,13.5,1
